city,district,municipality,neighbourhood,id,nufus
Bursa,Büyükorhan,Büyükorhan Bel.,Aktaş Mah.,183539,391
Bursa,Büyükorhan,Büyükorhan Bel.,Armutçuk Mah.,11335,209
Bursa,Büyükorhan,Büyükorhan Bel.,Bademlik Mah.,183605,58
Bursa,Büyükorhan,Büyükorhan Bel.,Balaban Mah.,183541,262
Bursa,Büyükorhan,Büyükorhan Bel.,Bayındır Mah.,183543,88
Bursa,Büyükorhan,Büyükorhan Bel.,Burunca Mah.,183545,115
Bursa,Büyükorhan,Büyükorhan Bel.,Çakıryenice Mah.,183547,76
Bursa,Büyükorhan,Büyükorhan Bel.,Çeribaşı Mah.,183549,227
Bursa,Büyükorhan,Büyükorhan Bel.,Cumhuriyet Mah.,11331,421
Bursa,Büyükorhan,Büyükorhan Bel.,Danaçalı Mah.,183553,175
Bursa,Büyükorhan,Büyükorhan Bel.,Danacılar Mah.,183551,200
Bursa,Büyükorhan,Büyükorhan Bel.,Demirler Mah.,183555,86
Bursa,Büyükorhan,Büyükorhan Bel.,Derecik Mah.,183557,105
Bursa,Büyükorhan,Büyükorhan Bel.,Düğüncüler Mah.,183561,118
Bursa,Büyükorhan,Büyükorhan Bel.,Durhasan Mah.,183559,266
Bursa,Büyükorhan,Büyükorhan Bel.,Elekçalı Mah.,183563,51
Bursa,Büyükorhan,Büyükorhan Bel.,Ericek Mah.,183565,259
Bursa,Büyükorhan,Büyükorhan Bel.,Gedikler Mah.,183567,236
Bursa,Büyükorhan,Büyükorhan Bel.,Geynik Mah.,183569,149
Bursa,Büyükorhan,Büyükorhan Bel.,Hacıahmetler Mah.,183571,105
Bursa,Büyükorhan,Büyükorhan Bel.,Hacılar Mah.,183573,122
Bursa,Büyükorhan,Büyükorhan Bel.,Hemşeriler Mah.,183575,220
Bursa,Büyükorhan,Büyükorhan Bel.,Hocahasan Mah.,11333,527
Bursa,Büyükorhan,Büyükorhan Bel.,İsmetiye Mah.,11336,159
Bursa,Büyükorhan,Büyükorhan Bel.,Karaağız Mah.,183577,189
Bursa,Büyükorhan,Büyükorhan Bel.,Karaçukur Mah.,183579,51
Bursa,Büyükorhan,Büyükorhan Bel.,Karalar Mah.,183581,103
Bursa,Büyükorhan,Büyükorhan Bel.,Kayapa Mah.,183583,218
Bursa,Büyükorhan,Büyükorhan Bel.,Kınık Mah.,183535,725
Bursa,Büyükorhan,Büyükorhan Bel.,Kuşlar Mah.,183585,143
Bursa,Büyükorhan,Büyükorhan Bel.,Mazlumlar Mah.,183587,345
Bursa,Büyükorhan,Büyükorhan Bel.,Örencik Mah.,183591,112
Bursa,Büyükorhan,Büyükorhan Bel.,Orhan Mah.,11334,1217
Bursa,Büyükorhan,Büyükorhan Bel.,Osmanlar Mah.,183589,48
Bursa,Büyükorhan,Büyükorhan Bel.,Özlüce Mah.,183593,73
Bursa,Büyükorhan,Büyükorhan Bel.,Perçin Mah.,183595,93
Bursa,Büyükorhan,Büyükorhan Bel.,Pınarköy Mah.,183597,314
Bursa,Büyükorhan,Büyükorhan Bel.,Pirebeyler Mah.,183599,86
Bursa,Büyükorhan,Büyükorhan Bel.,Sarnıç Mah.,183601,260
Bursa,Büyükorhan,Büyükorhan Bel.,Tekerler Mah.,183603,35
Bursa,Büyükorhan,Büyükorhan Bel.,Yenice Mah.,183607,583
Bursa,Büyükorhan,Büyükorhan Bel.,Zaferiye Mah.,183609,224
Bursa,Gemlik,Gemlik Bel.,Adliye Mah.,183611,228
Bursa,Gemlik,Gemlik Bel.,Ata Mah.,11339,2068
Bursa,Gemlik,Gemlik Bel.,Balıkpazarı Mah.,11340,1689
Bursa,Gemlik,Gemlik Bel.,Büyükkumla Mah.,183613,692
Bursa,Gemlik,Gemlik Bel.,Cihatlı Mah.,183615,1864
Bursa,Gemlik,Gemlik Bel.,Cumhuriyet Mah.,196385,15144
Bursa,Gemlik,Gemlik Bel.,Demirsubaşı Mah.,11342,1151
Bursa,Gemlik,Gemlik Bel.,Dr.Ziya Kaya Mah.,11343,17211
Bursa,Gemlik,Gemlik Bel.,Engürücük Mah.,183617,1843
Bursa,Gemlik,Gemlik Bel.,Eşref Dinçer Mah.,11344,21713
Bursa,Gemlik,Gemlik Bel.,Feyziye Mah.,183619,179
Bursa,Gemlik,Gemlik Bel.,Fındıcak Mah.,183621,33
Bursa,Gemlik,Gemlik Bel.,Gençali Mah.,11352,1412
Bursa,Gemlik,Gemlik Bel.,Güvenli Mah.,183623,168
Bursa,Gemlik,Gemlik Bel.,Halitpaşa Mah.,11345,926
Bursa,Gemlik,Gemlik Bel.,Hamidiyeköy Mah.,183625,239
Bursa,Gemlik,Gemlik Bel.,Hamidiye Mah.,11346,16077
Bursa,Gemlik,Gemlik Bel.,Haydariye Mah.,183627,448
Bursa,Gemlik,Gemlik Bel.,Hisar Mah.,11347,7528
Bursa,Gemlik,Gemlik Bel.,Karacaali Mah.,183629,625
Bursa,Gemlik,Gemlik Bel.,Katırlı Mah.,183631,471
Bursa,Gemlik,Gemlik Bel.,Kayhan Mah.,11348,2741
Bursa,Gemlik,Gemlik Bel.,Küçükkumla Mah.,140857,553
Bursa,Gemlik,Gemlik Bel.,Kumla Mah.,140861,6579
Bursa,Gemlik,Gemlik Bel.,Kurşunlu Mah.,140855,1990
Bursa,Gemlik,Gemlik Bel.,Kurtul Mah.,183633,793
Bursa,Gemlik,Gemlik Bel.,Muratoba Mah.,183635,475
Bursa,Gemlik,Gemlik Bel.,Narlı Mah.,183637,366
Bursa,Gemlik,Gemlik Bel.,Orhaniye Mah.,196387,1557
Bursa,Gemlik,Gemlik Bel.,Osmaniye Mah.,11350,6316
Bursa,Gemlik,Gemlik Bel.,Şahinyurdu Mah.,183639,400
Bursa,Gemlik,Gemlik Bel.,Şükriye Mah.,183641,180
Bursa,Gemlik,Gemlik Bel.,Umurbey Mah.,140853,4635
Bursa,Gemlik,Gemlik Bel.,Yeniköy Mah.,183643,434
Bursa,Gemlik,Gemlik Bel.,Yeni Mah.,11351,4622
Bursa,Gürsu,Gürsu Bel.,Adaköy Mah.,11366,1305
Bursa,Gürsu,Gürsu Bel.,Ağaköy Mah.,11367,793
Bursa,Gürsu,Gürsu Bel.,Canbazlarköyü Mah.,183645,238
Bursa,Gürsu,Gürsu Bel.,Dışkayaköyü Mah.,183647,207
Bursa,Gürsu,Gürsu Bel.,Ericekköyü Mah.,183649,168
Bursa,Gürsu,Gürsu Bel.,Hasanköy Mah.,11368,403
Bursa,Gürsu,Gürsu Bel.,İğdirköyü Mah.,183651,600
Bursa,Gürsu,Gürsu Bel.,İpekyolu Mah.,197753,4967
Bursa,Gürsu,Gürsu Bel.,İstiklal Mah.,11362,20636
Bursa,Gürsu,Gürsu Bel.,Karahıdırköyü Mah.,183653,708
Bursa,Gürsu,Gürsu Bel.,Kazıklıköyü Mah.,183655,743
Bursa,Gürsu,Gürsu Bel.,Kumlukalan Mah.,11369,1531
Bursa,Gürsu,Gürsu Bel.,Kurtuluş Mah.,11363,28181
Bursa,Gürsu,Gürsu Bel.,Yenidoğan Mah.,11364,21691
Bursa,Gürsu,Gürsu Bel.,Zafer Mah.,11365,22665
Bursa,Harmancık,Harmancık Bel.,Akpınar Mah.,183657,81
Bursa,Harmancık,Harmancık Bel.,Alutca Mah.,183659,36
Bursa,Harmancık,Harmancık Bel.,Balatdanişment Mah.,183661,111
Bursa,Harmancık,Harmancık Bel.,Ballısaray Mah.,11379,262
Bursa,Harmancık,Harmancık Bel.,Bekdemirler Mah.,183663,128
Bursa,Harmancık,Harmancık Bel.,Çakmak Mah.,183665,167
Bursa,Harmancık,Harmancık Bel.,Çamoğlu Mah.,11372,70
Bursa,Harmancık,Harmancık Bel.,Çatalsöğüt Mah.,183667,367
Bursa,Harmancık,Harmancık Bel.,Dedebali Mah.,183669,95
Bursa,Harmancık,Harmancık Bel.,Delicegüney Mah.,183671,50
Bursa,Harmancık,Harmancık Bel.,Dutluca Mah.,183673,174
Bursa,Harmancık,Harmancık Bel.,Ece Mah.,11373,158
Bursa,Harmancık,Harmancık Bel.,Gedikören Mah.,183675,183
Bursa,Harmancık,Harmancık Bel.,Gökçeler Mah.,183677,153
Bursa,Harmancık,Harmancık Bel.,Gülözü Mah.,183679,283
Bursa,Harmancık,Harmancık Bel.,Harmancık Akalan Mah.,183681,198
Bursa,Harmancık,Harmancık Bel.,Hopandanişment Mah.,183683,161
Bursa,Harmancık,Harmancık Bel.,Ilıcaksu Mah.,183685,62
Bursa,Harmancık,Harmancık Bel.,İshaklar Mah.,183687,85
Bursa,Harmancık,Harmancık Bel.,Karaca Mah.,11380,153
Bursa,Harmancık,Harmancık Bel.,Kepekdere Mah.,11376,157
Bursa,Harmancık,Harmancık Bel.,Kılavuzlar Mah.,11377,77
Bursa,Harmancık,Harmancık Bel.,Kışmanlar Mah.,183689,202
Bursa,Harmancık,Harmancık Bel.,Kocapınar Mah.,183691,24
Bursa,Harmancık,Harmancık Bel.,Kozluca Mah.,183693,80
Bursa,Harmancık,Harmancık Bel.,Merkez Mah.,11374,2203
Bursa,Harmancık,Harmancık Bel.,Nalbant Mah.,183695,163
Bursa,Harmancık,Harmancık Bel.,Okçular Mah.,183697,45
Bursa,Harmancık,Harmancık Bel.,Saçaklı Mah.,11375,38
Bursa,Harmancık,Harmancık Bel.,Yayabaşı Mah.,11378,139
Bursa,Harmancık,Harmancık Bel.,Yeşilyurt Mah.,183699,99
Bursa,İnegöl,İnegöl Bel.,Akbaşlar Mah.,183709,170
Bursa,İnegöl,İnegöl Bel.,Akhisar Mah.,11394,17432
Bursa,İnegöl,İnegöl Bel.,Akıncılar Mah.,183711,308
Bursa,İnegöl,İnegöl Bel.,Alibey Mah.,183713,827
Bursa,İnegöl,İnegöl Bel.,Aşağıballık Mah.,183851,343
Bursa,İnegöl,İnegöl Bel.,Babaoğlu Mah.,183715,57
Bursa,İnegöl,İnegöl Bel.,Bahariye Mah.,183717,138
Bursa,İnegöl,İnegöl Bel.,Bahçekaya Mah.,183853,59
Bursa,İnegöl,İnegöl Bel.,Baykoca Mah.,196591,7624
Bursa,İnegöl,İnegöl Bel.,Bayramşah Mah.,183719,99
Bursa,İnegöl,İnegöl Bel.,Bilalköy Mah.,183721,568
Bursa,İnegöl,İnegöl Bel.,Boğazköy Mah.,183723,436
Bursa,İnegöl,İnegöl Bel.,Burhaniye Mah.,11381,4351
Bursa,İnegöl,İnegöl Bel.,Çavuşköy Mah.,183725,372
Bursa,İnegöl,İnegöl Bel.,Çaylıca Mah.,183727,90
Bursa,İnegöl,İnegöl Bel.,Çayyaka Mah.,183729,508
Bursa,İnegöl,İnegöl Bel.,Çeltikçi Mah.,183731,1435
Bursa,İnegöl,İnegöl Bel.,Cemiyet Mah.,183785,216
Bursa,İnegöl,İnegöl Bel.,Cerrah Mah.,183701,5880
Bursa,İnegöl,İnegöl Bel.,Çiftlikköy Mah.,183733,219
Bursa,İnegöl,İnegöl Bel.,Çitli Mah.,183735,1121
Bursa,İnegöl,İnegöl Bel.,Cuma Mah.,11382,3355
Bursa,İnegöl,İnegöl Bel.,Cumhuriyet Mah.,11396,4892
Bursa,İnegöl,İnegöl Bel.,Deydinler Mah.,183737,1032
Bursa,İnegöl,İnegöl Bel.,Dipsizgöl Mah.,183739,756
Bursa,İnegöl,İnegöl Bel.,Doğanyurdu Mah.,183741,129
Bursa,İnegöl,İnegöl Bel.,Dömez Mah.,183743,142
Bursa,İnegöl,İnegöl Bel.,Edebey Mah.,183745,860
Bursa,İnegöl,İnegöl Bel.,Elmaçayır Mah.,183747,126
Bursa,İnegöl,İnegöl Bel.,Ertuğrulgazi Mah.,11399,11960
Bursa,İnegöl,İnegöl Bel.,Esenköy Mah.,183749,219
Bursa,İnegöl,İnegöl Bel.,Esentepe Mah.,11397,8100
Bursa,İnegöl,İnegöl Bel.,Eski Bahçekaya Mah.,183871,165
Bursa,İnegöl,İnegöl Bel.,Eskikaracakaya Mah.,183855,182
Bursa,İnegöl,İnegöl Bel.,Eskiköy Mah.,183751,76
Bursa,İnegöl,İnegöl Bel.,Eymir Mah.,183753,262
Bursa,İnegöl,İnegöl Bel.,Fatih Mah.,11398,10121
Bursa,İnegöl,İnegöl Bel.,Fevziye Mah.,183755,133
Bursa,İnegöl,İnegöl Bel.,Fındıklı Mah.,183757,102
Bursa,İnegöl,İnegöl Bel.,Gazelli Mah.,183767,141
Bursa,İnegöl,İnegöl Bel.,Gedikpınar Mah.,183857,107
Bursa,İnegöl,İnegöl Bel.,Gülbahçe Mah.,183759,144
Bursa,İnegöl,İnegöl Bel.,Gündüzlü Mah.,183859,670
Bursa,İnegöl,İnegöl Bel.,Güneykestane Mah.,183861,93
Bursa,İnegöl,İnegöl Bel.,Güzelyurt Mah.,183761,151
Bursa,İnegöl,İnegöl Bel.,Hacıkara Mah.,183863,258
Bursa,İnegöl,İnegöl Bel.,Halhalca Mah.,183763,242
Bursa,İnegöl,İnegöl Bel.,Hamamlı Mah.,183765,550
Bursa,İnegöl,İnegöl Bel.,Hamidiye Mah.,11383,18570
Bursa,İnegöl,İnegöl Bel.,Hamitabat Mah.,183769,331
Bursa,İnegöl,İnegöl Bel.,Hamzabey Mah.,183771,968
Bursa,İnegöl,İnegöl Bel.,Hasanpaşa Mah.,183773,443
Bursa,İnegöl,İnegöl Bel.,Hayriye Mah.,183775,288
Bursa,İnegöl,İnegöl Bel.,Hilmiye Mah.,183865,306
Bursa,İnegöl,İnegöl Bel.,Hocaköy Mah.,183777,1087
Bursa,İnegöl,İnegöl Bel.,Huzur Mah.,11393,11381
Bursa,İnegöl,İnegöl Bel.,İclaliye Mah.,183779,91
Bursa,İnegöl,İnegöl Bel.,İhsaniye Mah.,183867,219
Bursa,İnegöl,İnegöl Bel.,İsaören Mah.,183783,1216
Bursa,İnegöl,İnegöl Bel.,Karagölet Mah.,183787,151
Bursa,İnegöl,İnegöl Bel.,Karahasanlar Mah.,183789,99
Bursa,İnegöl,İnegöl Bel.,Karakadı Mah.,183791,110
Bursa,İnegöl,İnegöl Bel.,Karalar Mah.,183793,1884
Bursa,İnegöl,İnegöl Bel.,Kayapınar Mah.,183795,355
Bursa,İnegöl,İnegöl Bel.,Kemalpaşa Mah.,11384,24725
Bursa,İnegöl,İnegöl Bel.,Kestanealanı Mah.,183797,66
Bursa,İnegöl,İnegöl Bel.,Kınık Mah.,183799,124
Bursa,İnegöl,İnegöl Bel.,Kıran Mah.,183801,333
Bursa,İnegöl,İnegöl Bel.,Kocakonak Mah.,183869,93
Bursa,İnegöl,İnegöl Bel.,Konurlar Mah.,183803,270
Bursa,İnegöl,İnegöl Bel.,Kozluca Mah.,183805,357
Bursa,İnegöl,İnegöl Bel.,Küçükyenice Mah.,183809,873
Bursa,İnegöl,İnegöl Bel.,Kulaca Mah.,183807,856
Bursa,İnegöl,İnegöl Bel.,Kurşunlu Mah.,183703,4003
Bursa,İnegöl,İnegöl Bel.,Lütfiye Mah.,183811,139
Bursa,İnegöl,İnegöl Bel.,Madenköy Mah.,183813,761
Bursa,İnegöl,İnegöl Bel.,Mahmudiye Mah.,11385,15844
Bursa,İnegöl,İnegöl Bel.,Mesudiye Mah.,11386,17256
Bursa,İnegöl,İnegöl Bel.,Mezit Mah.,183873,424
Bursa,İnegöl,İnegöl Bel.,Muratbey Mah.,183815,155
Bursa,İnegöl,İnegöl Bel.,Olukman Mah.,183817,113
Bursa,İnegöl,İnegöl Bel.,Orhaniye Mah.,11387,8948
Bursa,İnegöl,İnegöl Bel.,Ortaköy Mah.,183819,798
Bursa,İnegöl,İnegöl Bel.,Osmaniyeköy Mah.,183875,120
Bursa,İnegöl,İnegöl Bel.,Osmaniye Mah.,11388,4363
Bursa,İnegöl,İnegöl Bel.,Özlüce Mah.,183821,118
Bursa,İnegöl,İnegöl Bel.,Paşaören Mah.,183823,199
Bursa,İnegöl,İnegöl Bel.,Rüştiye Mah.,183877,86
Bursa,İnegöl,İnegöl Bel.,Saadet Mah.,183879,123
Bursa,İnegöl,İnegöl Bel.,Sarıpınar Mah.,183825,401
Bursa,İnegöl,İnegöl Bel.,Şehitler Mah.,183837,491
Bursa,İnegöl,İnegöl Bel.,Sinanbey Mah.,11389,5337
Bursa,İnegöl,İnegöl Bel.,Şipali Mah.,183839,637
Bursa,İnegöl,İnegöl Bel.,Soğukdere Mah.,183827,100
Bursa,İnegöl,İnegöl Bel.,Süle Mah.,183831,256
Bursa,İnegöl,İnegöl Bel.,Süleymaniye Mah.,11390,19609
Bursa,İnegöl,İnegöl Bel.,Sulhiye Mah.,183881,256
Bursa,İnegöl,İnegöl Bel.,Sultaniye Mah.,183883,152
Bursa,İnegöl,İnegöl Bel.,Sülüklügöl Mah.,183833,138
Bursa,İnegöl,İnegöl Bel.,Sungurpaşa Mah.,183829,342
Bursa,İnegöl,İnegöl Bel.,Süpürtü Mah.,183835,315
Bursa,İnegöl,İnegöl Bel.,Tahtaköprü Mah.,183707,1230
Bursa,İnegöl,İnegöl Bel.,Tekkeköy Mah.,183841,252
Bursa,İnegöl,İnegöl Bel.,Tokuş Mah.,183843,91
Bursa,İnegöl,İnegöl Bel.,Tüfekçikonak Mah.,183885,189
Bursa,İnegöl,İnegöl Bel.,Turgutalpköy Mah.,183845,327
Bursa,İnegöl,İnegöl Bel.,Turgutalp Mah.,11391,10381
Bursa,İnegöl,İnegöl Bel.,Tuzla Mah.,183781,156
Bursa,İnegöl,İnegöl Bel.,Yeniceköy Mah.,183705,16239
Bursa,İnegöl,İnegöl Bel.,Yenice Mah.,11392,6174
Bursa,İnegöl,İnegöl Bel.,Yeniköy Mah.,183887,121
Bursa,İnegöl,İnegöl Bel.,Yeni Mah.,11400,21888
Bursa,İnegöl,İnegöl Bel.,Yeniyörük Mah.,183847,192
Bursa,İnegöl,İnegöl Bel.,Yiğit Mah.,183849,164
Bursa,İnegöl,İnegöl Bel.,Yukarıballık Mah.,183889,130
Bursa,İnegöl,İnegöl Bel.,Yunusemre Mah.,11401,10815
Bursa,İznik,İznik Bel.,Aydınlar Mah.,183895,221
Bursa,İznik,İznik Bel.,Bayındır Mah.,183897,197
Bursa,İznik,İznik Bel.,Beyler Mah.,11415,1442
Bursa,İznik,İznik Bel.,Boyalıca Mah.,183891,2188
Bursa,İznik,İznik Bel.,Çakırca Mah.,183899,1008
Bursa,İznik,İznik Bel.,Çamdibi Mah.,183901,499
Bursa,İznik,İznik Bel.,Çamoluk Mah.,183903,97
Bursa,İznik,İznik Bel.,Çampınar Mah.,183947,86
Bursa,İznik,İznik Bel.,Candarlı Mah.,183905,171
Bursa,İznik,İznik Bel.,Çiçekli Mah.,183907,734
Bursa,İznik,İznik Bel.,Derbent Mah.,183911,412
Bursa,İznik,İznik Bel.,Dereköy Mah.,183913,278
Bursa,İznik,İznik Bel.,Dırazali Mah.,183915,447
Bursa,İznik,İznik Bel.,Elbeyli Mah.,183893,2250
Bursa,İznik,İznik Bel.,Elmalı Mah.,183917,357
Bursa,İznik,İznik Bel.,Eşrefzade Mah.,11416,5039
Bursa,İznik,İznik Bel.,Göllüce Mah.,183919,1005
Bursa,İznik,İznik Bel.,Gürmüzlü Mah.,183921,244
Bursa,İznik,İznik Bel.,Hacıosman Mah.,183923,306
Bursa,İznik,İznik Bel.,Hisardere Mah.,183925,229
Bursa,İznik,İznik Bel.,Hocaköy Mah.,183927,169
Bursa,İznik,İznik Bel.,İhsaniye Mah.,183929,44
Bursa,İznik,İznik Bel.,İnikli Mah.,183931,204
Bursa,İznik,İznik Bel.,Karatekin Mah.,183933,326
Bursa,İznik,İznik Bel.,Kaynarca Mah.,183935,616
Bursa,İznik,İznik Bel.,Kırıntı Mah.,183937,199
Bursa,İznik,İznik Bel.,Kutluca Mah.,183939,143
Bursa,İznik,İznik Bel.,Mahmudiye Mah.,183941,443
Bursa,İznik,İznik Bel.,Mahmut Çelebi Mah.,11417,948
Bursa,İznik,İznik Bel.,Mecidiye Mah.,183943,81
Bursa,İznik,İznik Bel.,Müşküle Mah.,183909,679
Bursa,İznik,İznik Bel.,Mustafa Kemal Paşa Mah.,11418,4614
Bursa,İznik,İznik Bel.,Mustafalı Mah.,183945,230
Bursa,İznik,İznik Bel.,Ömerli Mah.,183953,278
Bursa,İznik,İznik Bel.,Orhaniye Mah.,183949,815
Bursa,İznik,İznik Bel.,Osmaniye Mah.,183951,87
Bursa,İznik,İznik Bel.,Sansarak Mah.,183955,315
Bursa,İznik,İznik Bel.,Sarıağıl Mah.,183957,188
Bursa,İznik,İznik Bel.,Selçuk Mah.,11419,7244
Bursa,İznik,İznik Bel.,Şerefiye Mah.,183961,115
Bursa,İznik,İznik Bel.,Süleymaniye Mah.,183959,60
Bursa,İznik,İznik Bel.,Tacir Mah.,183963,1643
Bursa,İznik,İznik Bel.,Yeni Mah.,11420,2339
Bursa,İznik,İznik Bel.,Yenişerefiye Mah.,183965,110
Bursa,İznik,İznik Bel.,Yeşil Camii Mah.,11421,5816
Bursa,İznik,İznik Bel.,Yürükler Mah.,183967,292
Bursa,Karacabey,Karacabey Bel.,Abdullahpaşa Mah.,19962,1157
Bursa,Karacabey,Karacabey Bel.,Akçakoyun Mah.,183969,267
Bursa,Karacabey,Karacabey Bel.,Akçasusurluk Mah.,183971,170
Bursa,Karacabey,Karacabey Bel.,Akhisar Mah.,183973,318
Bursa,Karacabey,Karacabey Bel.,Arız Mah.,183975,157
Bursa,Karacabey,Karacabey Bel.,Bakırköy Mah.,183977,495
Bursa,Karacabey,Karacabey Bel.,Ballıkaya Mah.,183979,97
Bursa,Karacabey,Karacabey Bel.,Bayramdere Mah.,183981,1545
Bursa,Karacabey,Karacabey Bel.,Beylik Mah.,183983,585
Bursa,Karacabey,Karacabey Bel.,Boğazköy Mah.,183985,396
Bursa,Karacabey,Karacabey Bel.,Çamlıca Mah.,183989,164
Bursa,Karacabey,Karacabey Bel.,Canbalı Mah.,19963,1962
Bursa,Karacabey,Karacabey Bel.,Canbaz Mah.,183987,315
Bursa,Karacabey,Karacabey Bel.,Çarıkköy Mah.,183991,63
Bursa,Karacabey,Karacabey Bel.,Çavuş Mah.,183993,271
Bursa,Karacabey,Karacabey Bel.,Çeşnigir Mah.,183995,129
Bursa,Karacabey,Karacabey Bel.,Dağesemen Mah.,183997,70
Bursa,Karacabey,Karacabey Bel.,Dağkadı Mah.,183999,647
Bursa,Karacabey,Karacabey Bel.,Danişment Mah.,184001,332
Bursa,Karacabey,Karacabey Bel.,Doğla Mah.,184003,300
Bursa,Karacabey,Karacabey Bel.,Drama Mah.,19964,1713
Bursa,Karacabey,Karacabey Bel.,Ekinli Mah.,184005,280
Bursa,Karacabey,Karacabey Bel.,Ekmekçi Mah.,184007,302
Bursa,Karacabey,Karacabey Bel.,Emirsultan Mah.,19965,8180
Bursa,Karacabey,Karacabey Bel.,Esentepe Mah.,19966,4057
Bursa,Karacabey,Karacabey Bel.,Eskikaraağaç Mah.,184009,204
Bursa,Karacabey,Karacabey Bel.,Eskisarıbey Mah.,184011,297
Bursa,Karacabey,Karacabey Bel.,Fevzipaşa Mah.,184013,233
Bursa,Karacabey,Karacabey Bel.,Garipçe Mah.,19967,1272
Bursa,Karacabey,Karacabey Bel.,Gazi Mah.,19968,12106
Bursa,Karacabey,Karacabey Bel.,Gölecik Mah.,184015,90
Bursa,Karacabey,Karacabey Bel.,Gölkıyı Mah.,184017,176
Bursa,Karacabey,Karacabey Bel.,Gönü Mah.,184019,364
Bursa,Karacabey,Karacabey Bel.,Güngörmez Mah.,184021,109
Bursa,Karacabey,Karacabey Bel.,Hamidiye Mah.,19969,3311
Bursa,Karacabey,Karacabey Bel.,Harmanlı Mah.,184025,486
Bursa,Karacabey,Karacabey Bel.,Hayırlar Mah.,184027,114
Bursa,Karacabey,Karacabey Bel.,Hotanlı Mah.,184029,339
Bursa,Karacabey,Karacabey Bel.,Hüdavendigar Mah.,19970,2840
Bursa,Karacabey,Karacabey Bel.,Hürriyet Mah.,184031,271
Bursa,Karacabey,Karacabey Bel.,İkizce Mah.,184033,431
Bursa,Karacabey,Karacabey Bel.,İnkaya Mah.,184035,116
Bursa,Karacabey,Karacabey Bel.,İsmetpaşa Mah.,184037,489
Bursa,Karacabey,Karacabey Bel.,Karacaahmet Mah.,19971,2471
Bursa,Karacabey,Karacabey Bel.,Karakoca Mah.,184039,696
Bursa,Karacabey,Karacabey Bel.,Karasu Mah.,184041,108
Bursa,Karacabey,Karacabey Bel.,Kedikaya Mah.,184043,70
Bursa,Karacabey,Karacabey Bel.,Keşlik Mah.,184045,465
Bursa,Karacabey,Karacabey Bel.,Kıranlar Mah.,184047,133
Bursa,Karacabey,Karacabey Bel.,Küçükkaraağaç Mah.,184053,206
Bursa,Karacabey,Karacabey Bel.,Kulakpınar Mah.,184049,188
Bursa,Karacabey,Karacabey Bel.,Kurşunlu Mah.,184051,777
Bursa,Karacabey,Karacabey Bel.,Mamuriyet Mah.,19973,563
Bursa,Karacabey,Karacabey Bel.,Mecidiye Mah.,19974,1258
Bursa,Karacabey,Karacabey Bel.,Muratlı Mah.,184055,273
Bursa,Karacabey,Karacabey Bel.,Nasrettin Mah.,19975,1612
Bursa,Karacabey,Karacabey Bel.,Okçular Mah.,184057,208
Bursa,Karacabey,Karacabey Bel.,Örencik Mah.,184065,83
Bursa,Karacabey,Karacabey Bel.,Orhaniye Mah.,184059,117
Bursa,Karacabey,Karacabey Bel.,Ortasarıbey Mah.,184061,353
Bursa,Karacabey,Karacabey Bel.,Ovaesemen Mah.,184063,283
Bursa,Karacabey,Karacabey Bel.,Ova Hamidiye Mah.,184023,299
Bursa,Karacabey,Karacabey Bel.,Runguşpaşa Mah.,19976,2236
Bursa,Karacabey,Karacabey Bel.,Saadet Mah.,19977,3748
Bursa,Karacabey,Karacabey Bel.,Şahinköy Mah.,184075,205
Bursa,Karacabey,Karacabey Bel.,Şahmelek Mah.,184077,220
Bursa,Karacabey,Karacabey Bel.,Sazlıca Mah.,184067,196
Bursa,Karacabey,Karacabey Bel.,Selimiye Mah.,19978,1846
Bursa,Karacabey,Karacabey Bel.,Seyran Mah.,184069,358
Bursa,Karacabey,Karacabey Bel.,Sırabademler Mah.,19979,6133
Bursa,Karacabey,Karacabey Bel.,Subaşı Mah.,184071,643
Bursa,Karacabey,Karacabey Bel.,Sultaniye Mah.,184073,680
Bursa,Karacabey,Karacabey Bel.,Tabaklar Mah.,19980,1261
Bursa,Karacabey,Karacabey Bel.,Taşlık Mah.,184079,259
Bursa,Karacabey,Karacabey Bel.,Taşpınar Mah.,184081,228
Bursa,Karacabey,Karacabey Bel.,Tavşanlı Mah.,19981,3581
Bursa,Karacabey,Karacabey Bel.,Tophisar Mah.,184083,306
Bursa,Karacabey,Karacabey Bel.,Uluabat Mah.,184085,464
Bursa,Karacabey,Karacabey Bel.,Yarış Mah.,184087,196
Bursa,Karacabey,Karacabey Bel.,Yenice Mah.,19983,1306
Bursa,Karacabey,Karacabey Bel.,Yenikaraağaç Mah.,184089,593
Bursa,Karacabey,Karacabey Bel.,Yeni Mah.,19982,3067
Bursa,Karacabey,Karacabey Bel.,Yenisarıbey Mah.,184091,314
Bursa,Karacabey,Karacabey Bel.,Yeşildere Mah.,184093,200
Bursa,Karacabey,Karacabey Bel.,Yolağzı Mah.,184095,545
Bursa,Keles,Keles Bel.,Akçapınar Mah.,184097,181
Bursa,Keles,Keles Bel.,Alpağut Mah.,184099,143
Bursa,Keles,Keles Bel.,Avdan Mah.,184101,105
Bursa,Keles,Keles Bel.,Baraklı Mah.,184103,546
Bursa,Keles,Keles Bel.,Basak Mah.,184105,295
Bursa,Keles,Keles Bel.,Belenören Mah.,184107,300
Bursa,Keles,Keles Bel.,Bıyıklıalanı Mah.,184109,169
Bursa,Keles,Keles Bel.,Çukur Mah.,19987,272
Bursa,Keles,Keles Bel.,Cuma Mah.,19986,1097
Bursa,Keles,Keles Bel.,Dağ Demirciler Mah.,184113,82
Bursa,Keles,Keles Bel.,Dağdibi Mah.,184115,323
Bursa,Keles,Keles Bel.,Davutlar Mah.,184117,317
Bursa,Keles,Keles Bel.,Dedeler Mah.,184119,172
Bursa,Keles,Keles Bel.,Delice Mah.,184121,255
Bursa,Keles,Keles Bel.,Denizler Mah.,184123,147
Bursa,Keles,Keles Bel.,Durak Mah.,184125,253
Bursa,Keles,Keles Bel.,Düvenli Mah.,184127,165
Bursa,Keles,Keles Bel.,Epçeler Mah.,184129,357
Bursa,Keles,Keles Bel.,Ertuğrulgazi Mah.,19988,968
Bursa,Keles,Keles Bel.,Gelemiç Mah.,184131,382
Bursa,Keles,Keles Bel.,Gököz Mah.,184133,116
Bursa,Keles,Keles Bel.,Harmanalanı Mah.,184135,181
Bursa,Keles,Keles Bel.,Harmancık Demirci Mah.,184137,167
Bursa,Keles,Keles Bel.,Haydar Mah.,184139,141
Bursa,Keles,Keles Bel.,Hereke Mah.,184111,72
Bursa,Keles,Keles Bel.,Issızören Mah.,184141,213
Bursa,Keles,Keles Bel.,Karaardıç Mah.,184143,228
Bursa,Keles,Keles Bel.,Kemaliye Mah.,184145,206
Bursa,Keles,Keles Bel.,Kıran Işıklar Mah.,184147,447
Bursa,Keles,Keles Bel.,Kirazlı Mah.,99408,71
Bursa,Keles,Keles Bel.,Koca Kovacık Mah.,184149,256
Bursa,Keles,Keles Bel.,Kozbudaklar Mah.,184151,296
Bursa,Keles,Keles Bel.,Küçük Kovacık Mah.,19989,207
Bursa,Keles,Keles Bel.,Menteşe Mah.,184153,213
Bursa,Keles,Keles Bel.,Pınarcık Mah.,184155,259
Bursa,Keles,Keles Bel.,Sofular Mah.,19990,212
Bursa,Keles,Keles Bel.,Sorgun Mah.,184157,337
Bursa,Keles,Keles Bel.,Uzunöz Mah.,184159,253
Bursa,Keles,Keles Bel.,Yağcılar Mah.,184161,180
Bursa,Keles,Keles Bel.,Yazıbaşı Mah.,184163,182
Bursa,Keles,Keles Bel.,Yenice Mah.,19991,282
Bursa,Keles,Keles Bel.,Yunuslar Mah.,184165,123
Bursa,Kestel,Kestel Bel.,Ağlaşan Mah.,184167,109
Bursa,Kestel,Kestel Bel.,Ahmetvefikpaşa Mah.,19992,12768
Bursa,Kestel,Kestel Bel.,Aksu Mah.,184169,384
Bursa,Kestel,Kestel Bel.,Alaçam Mah.,184171,519
Bursa,Kestel,Kestel Bel.,Babasultan Mah.,184173,814
Bursa,Kestel,Kestel Bel.,Barakfakih Mah.,99957,1238
Bursa,Kestel,Kestel Bel.,Burhaniye Mah.,184175,332
Bursa,Kestel,Kestel Bel.,Çataltepe Mah.,184177,970
Bursa,Kestel,Kestel Bel.,Derekızık Mah.,184179,722
Bursa,Kestel,Kestel Bel.,Dudaklı Mah.,184181,365
Bursa,Kestel,Kestel Bel.,Erdoğan Mah.,184183,600
Bursa,Kestel,Kestel Bel.,Esentepe Mah.,100131,5999
Bursa,Kestel,Kestel Bel.,Gölbaşı Mah.,184185,59
Bursa,Kestel,Kestel Bel.,Gölcük Mah.,184187,494
Bursa,Kestel,Kestel Bel.,Gözede Mah.,184189,409
Bursa,Kestel,Kestel Bel.,Kale Mah.,19993,11426
Bursa,Kestel,Kestel Bel.,Kayacık Mah.,184191,166
Bursa,Kestel,Kestel Bel.,Kazancı Mah.,184215,208
Bursa,Kestel,Kestel Bel.,Kozluören Mah.,184193,389
Bursa,Kestel,Kestel Bel.,Lütfiye Mah.,184195,264
Bursa,Kestel,Kestel Bel.,Narlıdere Mah.,184197,495
Bursa,Kestel,Kestel Bel.,Nüzhetiye Mah.,184199,75
Bursa,Kestel,Kestel Bel.,Orhaniye Mah.,184201,664
Bursa,Kestel,Kestel Bel.,Osmaniye Mah.,184203,214
Bursa,Kestel,Kestel Bel.,Saitabat Mah.,184205,361
Bursa,Kestel,Kestel Bel.,Sayfiye Mah.,184207,141
Bursa,Kestel,Kestel Bel.,Serme Mah.,20000,662
Bursa,Kestel,Kestel Bel.,Şevketiye Mah.,184213,331
Bursa,Kestel,Kestel Bel.,Seymen Mah.,184209,327
Bursa,Kestel,Kestel Bel.,Soğuksu Mah.,184211,222
Bursa,Kestel,Kestel Bel.,Turanköy Mah.,184217,376
Bursa,Kestel,Kestel Bel.,Ümitalan Mah.,184219,621
Bursa,Kestel,Kestel Bel.,Vanimehmet Mah.,19994,21365
Bursa,Kestel,Kestel Bel.,Yağmurlu Mah.,184221,119
Bursa,Kestel,Kestel Bel.,Yeni Mah.,19995,12413
Bursa,Mudanya,Mudanya Bel.,Akköy Mah.,184225,470
Bursa,Mudanya,Mudanya Bel.,Altıntaş Mah.,184227,574
Bursa,Mudanya,Mudanya Bel.,Aydınpınar Mah.,184229,1054
Bursa,Mudanya,Mudanya Bel.,Bademli Mah.,20007,5232
Bursa,Mudanya,Mudanya Bel.,Balabancık Mah.,184231,412
Bursa,Mudanya,Mudanya Bel.,Çağrışan Mah.,184233,3921
Bursa,Mudanya,Mudanya Bel.,Çamlık Mah.,184265,105
Bursa,Mudanya,Mudanya Bel.,Çayönü Mah.,184267,274
Bursa,Mudanya,Mudanya Bel.,Çekrice Mah.,184235,402
Bursa,Mudanya,Mudanya Bel.,Çepni Mah.,184237,664
Bursa,Mudanya,Mudanya Bel.,Çınarlı Mah.,184269,185
Bursa,Mudanya,Mudanya Bel.,Dedeköy Mah.,184239,487
Bursa,Mudanya,Mudanya Bel.,Dereköy Mah.,184241,518
Bursa,Mudanya,Mudanya Bel.,Eğerce Mah.,184277,366
Bursa,Mudanya,Mudanya Bel.,Emirleryenicesi Mah.,184271,109
Bursa,Mudanya,Mudanya Bel.,Esence Mah.,184273,1049
Bursa,Mudanya,Mudanya Bel.,Evciler Mah.,184275,196
Bursa,Mudanya,Mudanya Bel.,Göynüklü Mah.,184243,1639
Bursa,Mudanya,Mudanya Bel.,Güzelyalı Burgaz Mah.,20010,7718
Bursa,Mudanya,Mudanya Bel.,Güzelyalı Eğitim Mah.,20011,13240
Bursa,Mudanya,Mudanya Bel.,Güzelyalı Siteler Mah.,20012,10774
Bursa,Mudanya,Mudanya Bel.,Güzelyalı Yalı Mah.,20013,8521
Bursa,Mudanya,Mudanya Bel.,Halitpaşa Mah.,20001,16771
Bursa,Mudanya,Mudanya Bel.,Hançerli Mah.,184279,357
Bursa,Mudanya,Mudanya Bel.,Hasanbey Mah.,20002,3868
Bursa,Mudanya,Mudanya Bel.,Hasköy Mah.,20008,1300
Bursa,Mudanya,Mudanya Bel.,İpekyayla Mah.,184247,372
Bursa,Mudanya,Mudanya Bel.,Işıklı Mah.,184245,383
Bursa,Mudanya,Mudanya Bel.,Kaymakoba Mah.,184249,323
Bursa,Mudanya,Mudanya Bel.,Küçükyenice Mah.,184253,250
Bursa,Mudanya,Mudanya Bel.,Kumyaka Mah.,184251,674
Bursa,Mudanya,Mudanya Bel.,Mesudiye Mah.,184281,570
Bursa,Mudanya,Mudanya Bel.,Mirzaoba Mah.,184255,505
Bursa,Mudanya,Mudanya Bel.,Mürsel Mah.,184257,2256
Bursa,Mudanya,Mudanya Bel.,Mütareke Mah.,20003,605
Bursa,Mudanya,Mudanya Bel.,Ömerbey Mah.,20004,7936
Bursa,Mudanya,Mudanya Bel.,Orhaniye Mah.,184259,200
Bursa,Mudanya,Mudanya Bel.,Söğütpınar Mah.,184283,269
Bursa,Mudanya,Mudanya Bel.,Şükrüçavuş Mah.,20005,3987
Bursa,Mudanya,Mudanya Bel.,Tirilye Mah.,184223,1389
Bursa,Mudanya,Mudanya Bel.,Ülkü Mah.,20009,1069
Bursa,Mudanya,Mudanya Bel.,Yalıçiftlik Mah.,184285,411
Bursa,Mudanya,Mudanya Bel.,Yaman Mah.,184287,106
Bursa,Mudanya,Mudanya Bel.,Yaylacık Mah.,184261,130
Bursa,Mudanya,Mudanya Bel.,Yeni Mah.,20006,8197
Bursa,Mudanya,Mudanya Bel.,Yörükali Mah.,184263,582
Bursa,Mudanya,Mudanya Bel.,Yörükyenicesi Mah.,184289,377
Bursa,Mustafakemalpaşa,Mustafakemalpaşa Bel.,Adaköy Mah.,184303,367
Bursa,Mustafakemalpaşa,Mustafakemalpaşa Bel.,Adalet Mah.,20039,496
Bursa,Mustafakemalpaşa,Mustafakemalpaşa Bel.,Ağaçlı Mah.,184477,84
Bursa,Mustafakemalpaşa,Mustafakemalpaşa Bel.,Akarca Mah.,184305,116
Bursa,Mustafakemalpaşa,Mustafakemalpaşa Bel.,Akçapınar Mah.,184479,157
Bursa,Mustafakemalpaşa,Mustafakemalpaşa Bel.,Alacaat Mah.,184435,64
Bursa,Mustafakemalpaşa,Mustafakemalpaşa Bel.,Aliseydi Mah.,184307,189
Bursa,Mustafakemalpaşa,Mustafakemalpaşa Bel.,Alpağut Mah.,184437,622
Bursa,Mustafakemalpaşa,Mustafakemalpaşa Bel.,Aralık Mah.,184309,291
Bursa,Mustafakemalpaşa,Mustafakemalpaşa Bel.,Aşağıbalı Mah.,184401,37
Bursa,Mustafakemalpaşa,Mustafakemalpaşa Bel.,Atariye Mah.,20019,3736
Bursa,Mustafakemalpaşa,Mustafakemalpaşa Bel.,Atatürk Mah.,20020,5055
Bursa,Mustafakemalpaşa,Mustafakemalpaşa Bel.,Ayaz Mah.,184311,377
Bursa,Mustafakemalpaşa,Mustafakemalpaşa Bel.,Bahariye Mah.,184313,194
Bursa,Mustafakemalpaşa,Mustafakemalpaşa Bel.,Barış Mah.,20037,6469
Bursa,Mustafakemalpaşa,Mustafakemalpaşa Bel.,Behram Mah.,184315,200
Bursa,Mustafakemalpaşa,Mustafakemalpaşa Bel.,Boğaz Mah.,184317,80
Bursa,Mustafakemalpaşa,Mustafakemalpaşa Bel.,Bostandere Mah.,184319,255
Bursa,Mustafakemalpaşa,Mustafakemalpaşa Bel.,Bük Mah.,184439,216
Bursa,Mustafakemalpaşa,Mustafakemalpaşa Bel.,Çakallar Mah.,184441,97
Bursa,Mustafakemalpaşa,Mustafakemalpaşa Bel.,Çaltılıbük Mah.,184399,254
Bursa,Mustafakemalpaşa,Mustafakemalpaşa Bel.,Camandar Mah.,184403,144
Bursa,Mustafakemalpaşa,Mustafakemalpaşa Bel.,Çamlıca Mah.,184405,140
Bursa,Mustafakemalpaşa,Mustafakemalpaşa Bel.,Çardakbelen Mah.,184443,189
Bursa,Mustafakemalpaşa,Mustafakemalpaşa Bel.,Çavuş Mah.,184445,111
Bursa,Mustafakemalpaşa,Mustafakemalpaşa Bel.,Çeltikçi Mah.,184291,1000
Bursa,Mustafakemalpaşa,Mustafakemalpaşa Bel.,Çırpan Mah.,20021,3156
Bursa,Mustafakemalpaşa,Mustafakemalpaşa Bel.,Çiviliçam Mah.,184407,131
Bursa,Mustafakemalpaşa,Mustafakemalpaşa Bel.,Çömlekçi Mah.,184409,64
Bursa,Mustafakemalpaşa,Mustafakemalpaşa Bel.,Çördük Mah.,184321,299
Bursa,Mustafakemalpaşa,Mustafakemalpaşa Bel.,Cumhuriyet Mah.,20038,3401
Bursa,Mustafakemalpaşa,Mustafakemalpaşa Bel.,Dallıca Mah.,184323,182
Bursa,Mustafakemalpaşa,Mustafakemalpaşa Bel.,Demirdere Mah.,184325,232
Bursa,Mustafakemalpaşa,Mustafakemalpaşa Bel.,Demireli Mah.,184327,361
Bursa,Mustafakemalpaşa,Mustafakemalpaşa Bel.,Derecik Mah.,184329,248
Bursa,Mustafakemalpaşa,Mustafakemalpaşa Bel.,Derekadı Mah.,184331,142
Bursa,Mustafakemalpaşa,Mustafakemalpaşa Bel.,Dere Mah.,20022,1231
Bursa,Mustafakemalpaşa,Mustafakemalpaşa Bel.,Devecikonağı Mah.,184433,204
Bursa,Mustafakemalpaşa,Mustafakemalpaşa Bel.,Doğanalan Mah.,184481,202
Bursa,Mustafakemalpaşa,Mustafakemalpaşa Bel.,Doğancı Mah.,184333,213
Bursa,Mustafakemalpaşa,Mustafakemalpaşa Bel.,Döllük Mah.,184411,90
Bursa,Mustafakemalpaşa,Mustafakemalpaşa Bel.,Dorak Mah.,184483,120
Bursa,Mustafakemalpaşa,Mustafakemalpaşa Bel.,Durumtay Mah.,184335,310
Bursa,Mustafakemalpaşa,Mustafakemalpaşa Bel.,Eskibalçık Mah.,184447,164
Bursa,Mustafakemalpaşa,Mustafakemalpaşa Bel.,Eskikızılelma Mah.,184485,487
Bursa,Mustafakemalpaşa,Mustafakemalpaşa Bel.,Fevzidede Mah.,20023,1256
Bursa,Mustafakemalpaşa,Mustafakemalpaşa Bel.,Fındıcak Mah.,184449,42
Bursa,Mustafakemalpaşa,Mustafakemalpaşa Bel.,Garipçetekke Mah.,184487,32
Bursa,Mustafakemalpaşa,Mustafakemalpaşa Bel.,Güller Mah.,184337,131
Bursa,Mustafakemalpaşa,Mustafakemalpaşa Bel.,Güllüce Mah.,184339,854
Bursa,Mustafakemalpaşa,Mustafakemalpaşa Bel.,Gündoğdu Mah.,184451,182
Bursa,Mustafakemalpaşa,Mustafakemalpaşa Bel.,Güveçdere Mah.,184341,69
Bursa,Mustafakemalpaşa,Mustafakemalpaşa Bel.,Güvem Mah.,184453,195
Bursa,Mustafakemalpaşa,Mustafakemalpaşa Bel.,Hacıahmet Mah.,184455,183
Bursa,Mustafakemalpaşa,Mustafakemalpaşa Bel.,Hacıali Mah.,184343,137
Bursa,Mustafakemalpaşa,Mustafakemalpaşa Bel.,Hamidiyeköyü Mah.,184345,133
Bursa,Mustafakemalpaşa,Mustafakemalpaşa Bel.,Hamidiye Mah.,20024,8018
Bursa,Mustafakemalpaşa,Mustafakemalpaşa Bel.,Hamzabey Mah.,20025,4645
Bursa,Mustafakemalpaşa,Mustafakemalpaşa Bel.,Hisaraltı Mah.,184347,142
Bursa,Mustafakemalpaşa,Mustafakemalpaşa Bel.,İlyasçılar Mah.,184349,155
Bursa,Mustafakemalpaşa,Mustafakemalpaşa Bel.,İncealipınar Mah.,184489,201
Bursa,Mustafakemalpaşa,Mustafakemalpaşa Bel.,Işıklar Mah.,184413,31
Bursa,Mustafakemalpaşa,Mustafakemalpaşa Bel.,Kabulbaba Mah.,184491,183
Bursa,Mustafakemalpaşa,Mustafakemalpaşa Bel.,Kadirçeşme Mah.,184493,82
Bursa,Mustafakemalpaşa,Mustafakemalpaşa Bel.,Kapaklıoluk Mah.,184353,105
Bursa,Mustafakemalpaşa,Mustafakemalpaşa Bel.,Karacalar Mah.,184415,71
Bursa,Mustafakemalpaşa,Mustafakemalpaşa Bel.,Karaköy Mah.,184417,220
Bursa,Mustafakemalpaşa,Mustafakemalpaşa Bel.,Karaoğlan Mah.,184355,735
Bursa,Mustafakemalpaşa,Mustafakemalpaşa Bel.,Karaorman Mah.,184357,350
Bursa,Mustafakemalpaşa,Mustafakemalpaşa Bel.,Karapınar Mah.,184359,200
Bursa,Mustafakemalpaşa,Mustafakemalpaşa Bel.,Kayabaşı Mah.,184361,255
Bursa,Mustafakemalpaşa,Mustafakemalpaşa Bel.,Kazanpınar Mah.,184495,56
Bursa,Mustafakemalpaşa,Mustafakemalpaşa Bel.,Keltaş Mah.,184363,71
Bursa,Mustafakemalpaşa,Mustafakemalpaşa Bel.,Kestelek Mah.,184419,263
Bursa,Mustafakemalpaşa,Mustafakemalpaşa Bel.,Killik Mah.,184497,268
Bursa,Mustafakemalpaşa,Mustafakemalpaşa Bel.,Kocakoru Mah.,184499,94
Bursa,Mustafakemalpaşa,Mustafakemalpaşa Bel.,Kömürcükadı Mah.,184369,176
Bursa,Mustafakemalpaşa,Mustafakemalpaşa Bel.,Körekem Mah.,184501,562
Bursa,Mustafakemalpaşa,Mustafakemalpaşa Bel.,Kösehoroz Mah.,184457,211
Bursa,Mustafakemalpaşa,Mustafakemalpaşa Bel.,Kosova Mah.,184365,284
Bursa,Mustafakemalpaşa,Mustafakemalpaşa Bel.,Koşuboğazı Mah.,184367,930
Bursa,Mustafakemalpaşa,Mustafakemalpaşa Bel.,Kumkadı Mah.,184371,765
Bursa,Mustafakemalpaşa,Mustafakemalpaşa Bel.,Kurşunlu Mah.,184459,280
Bursa,Mustafakemalpaşa,Mustafakemalpaşa Bel.,Lalaşahin Mah.,20026,3469
Bursa,Mustafakemalpaşa,Mustafakemalpaşa Bel.,Lütfiye Mah.,184373,131
Bursa,Mustafakemalpaşa,Mustafakemalpaşa Bel.,Melik Mah.,184375,199
Bursa,Mustafakemalpaşa,Mustafakemalpaşa Bel.,Muradiyesarnıç Mah.,184377,257
Bursa,Mustafakemalpaşa,Mustafakemalpaşa Bel.,Ocaklı Mah.,184379,461
Bursa,Mustafakemalpaşa,Mustafakemalpaşa Bel.,Ömeraltı Mah.,184423,78
Bursa,Mustafakemalpaşa,Mustafakemalpaşa Bel.,Onaç Mah.,184503,141
Bursa,Mustafakemalpaşa,Mustafakemalpaşa Bel.,Orhaniye Mah.,184381,114
Bursa,Mustafakemalpaşa,Mustafakemalpaşa Bel.,Ormankadı Mah.,184383,1023
Bursa,Mustafakemalpaşa,Mustafakemalpaşa Bel.,Orta Mah.,20027,2524
Bursa,Mustafakemalpaşa,Mustafakemalpaşa Bel.,Osmaniye Mah.,184421,73
Bursa,Mustafakemalpaşa,Mustafakemalpaşa Bel.,Ovaazatlı Mah.,184301,1221
Bursa,Mustafakemalpaşa,Mustafakemalpaşa Bel.,Paşalar Mah.,184385,559
Bursa,Mustafakemalpaşa,Mustafakemalpaşa Bel.,Şapçı Mah.,184389,200
Bursa,Mustafakemalpaşa,Mustafakemalpaşa Bel.,Sarımustafalar Mah.,184461,59
Bursa,Mustafakemalpaşa,Mustafakemalpaşa Bel.,Şehriman Mah.,184427,162
Bursa,Mustafakemalpaşa,Mustafakemalpaşa Bel.,Selimiye Mah.,20028,3556
Bursa,Mustafakemalpaşa,Mustafakemalpaşa Bel.,Şerefiye Mah.,20029,332
Bursa,Mustafakemalpaşa,Mustafakemalpaşa Bel.,Şevketiye Mah.,20030,1202
Bursa,Mustafakemalpaşa,Mustafakemalpaşa Bel.,Şeyhmüftü Mah.,20031,1959
Bursa,Mustafakemalpaşa,Mustafakemalpaşa Bel.,Sincansarnıç Mah.,184505,419
Bursa,Mustafakemalpaşa,Mustafakemalpaşa Bel.,Soğucak Mah.,184463,101
Bursa,Mustafakemalpaşa,Mustafakemalpaşa Bel.,Soğukpınar Mah.,184425,158
Bursa,Mustafakemalpaşa,Mustafakemalpaşa Bel.,Söğütalan Mah.,184475,235
Bursa,Mustafakemalpaşa,Mustafakemalpaşa Bel.,Sünlük Mah.,184387,463
Bursa,Mustafakemalpaşa,Mustafakemalpaşa Bel.,Taşköprü Mah.,184391,90
Bursa,Mustafakemalpaşa,Mustafakemalpaşa Bel.,Taşpınar Mah.,184507,1432
Bursa,Mustafakemalpaşa,Mustafakemalpaşa Bel.,Tatkavaklı Mah.,184293,5516
Bursa,Mustafakemalpaşa,Mustafakemalpaşa Bel.,Tepecik Mah.,184295,1082
Bursa,Mustafakemalpaşa,Mustafakemalpaşa Bel.,Tırnova Mah.,184465,31
Bursa,Mustafakemalpaşa,Mustafakemalpaşa Bel.,Üçbeyli Mah.,184393,197
Bursa,Mustafakemalpaşa,Mustafakemalpaşa Bel.,Uğurlupınar Mah.,184509,201
Bursa,Mustafakemalpaşa,Mustafakemalpaşa Bel.,Vıraca Mah.,20032,1482
Bursa,Mustafakemalpaşa,Mustafakemalpaşa Bel.,Yalıntaş Mah.,184297,6518
Bursa,Mustafakemalpaşa,Mustafakemalpaşa Bel.,Yamanlı Mah.,184395,416
Bursa,Mustafakemalpaşa,Mustafakemalpaşa Bel.,Yavelli Mah.,184351,172
Bursa,Mustafakemalpaşa,Mustafakemalpaşa Bel.,Yaylaçayır Mah.,184467,56
Bursa,Mustafakemalpaşa,Mustafakemalpaşa Bel.,Yenibalçık Mah.,184469,116
Bursa,Mustafakemalpaşa,Mustafakemalpaşa Bel.,Yenice Mah.,184471,372
Bursa,Mustafakemalpaşa,Mustafakemalpaşa Bel.,Yenidere Mah.,20033,3229
Bursa,Mustafakemalpaşa,Mustafakemalpaşa Bel.,Yenikızılelma Mah.,184429,101
Bursa,Mustafakemalpaşa,Mustafakemalpaşa Bel.,Yeşilova Mah.,184299,1253
Bursa,Mustafakemalpaşa,Mustafakemalpaşa Bel.,Yoncaağaç Mah.,184473,127
Bursa,Mustafakemalpaşa,Mustafakemalpaşa Bel.,Yukarıbalı Mah.,184431,125
Bursa,Mustafakemalpaşa,Mustafakemalpaşa Bel.,Yumurcaklı Mah.,184397,233
Bursa,Mustafakemalpaşa,Mustafakemalpaşa Bel.,Yunus Emre Mah.,20034,4324
Bursa,Mustafakemalpaşa,Mustafakemalpaşa Bel.,Yüzbaşı Sabribey Mah.,20035,376
Bursa,Mustafakemalpaşa,Mustafakemalpaşa Bel.,Züferbey Mah.,20036,2292
Bursa,Nilüfer,Nilüfer Bel.,19 Mayıs Mah.,140338,4371
Bursa,Nilüfer,Nilüfer Bel.,23 Nisan Mah.,140334,21042
Bursa,Nilüfer,Nilüfer Bel.,29 Ekim Mah.,140336,14587
Bursa,Nilüfer,Nilüfer Bel.,30 Ağustos Zafer Mah.,11152,15605
Bursa,Nilüfer,Nilüfer Bel.,Ahmet Yesevi Mah.,11123,9021
Bursa,Nilüfer,Nilüfer Bel.,Akçalar Mah.,11136,10581
Bursa,Nilüfer,Nilüfer Bel.,Alaaddinbey Mah.,11114,965
Bursa,Nilüfer,Nilüfer Bel.,Altınşehir Mah.,11134,18830
Bursa,Nilüfer,Nilüfer Bel.,Ataevler Mah.,11132,17793
Bursa,Nilüfer,Nilüfer Bel.,Atlas Mah.,183429,372
Bursa,Nilüfer,Nilüfer Bel.,Ayvaköy Mah.,183431,178
Bursa,Nilüfer,Nilüfer Bel.,Badırga Mah.,183433,344
Bursa,Nilüfer,Nilüfer Bel.,Balat Mah.,11124,21167
Bursa,Nilüfer,Nilüfer Bel.,Balkan Mah.,11147,19594
Bursa,Nilüfer,Nilüfer Bel.,Barış Mah.,11133,13667
Bursa,Nilüfer,Nilüfer Bel.,Başköy Mah.,183435,304
Bursa,Nilüfer,Nilüfer Bel.,Beşevler Mah.,11135,23320
Bursa,Nilüfer,Nilüfer Bel.,Büyükbalıklı Mah.,11148,520
Bursa,Nilüfer,Nilüfer Bel.,Çalı Mah.,11138,18226
Bursa,Nilüfer,Nilüfer Bel.,Çamlıca Mah.,11117,17741
Bursa,Nilüfer,Nilüfer Bel.,Çatalağıl Mah.,183437,176
Bursa,Nilüfer,Nilüfer Bel.,Çaylı Mah.,183439,324
Bursa,Nilüfer,Nilüfer Bel.,Cumhuriyet Mah.,11131,16705
Bursa,Nilüfer,Nilüfer Bel.,Dağyenice Mah.,183441,415
Bursa,Nilüfer,Nilüfer Bel.,Demirci Mah.,11120,15415
Bursa,Nilüfer,Nilüfer Bel.,Doğanköy Mah.,183443,2182
Bursa,Nilüfer,Nilüfer Bel.,Dumlupınar Mah.,11143,28594
Bursa,Nilüfer,Nilüfer Bel.,Ertuğrul Mah.,11116,13058
Bursa,Nilüfer,Nilüfer Bel.,Esentepe Mah.,11130,13096
Bursa,Nilüfer,Nilüfer Bel.,Fadıllı Mah.,183445,411
Bursa,Nilüfer,Nilüfer Bel.,Fethiye Mah.,11126,21920
Bursa,Nilüfer,Nilüfer Bel.,Gökçe Mah.,11146,443
Bursa,Nilüfer,Nilüfer Bel.,Gölyazı Mah.,11141,1241
Bursa,Nilüfer,Nilüfer Bel.,Görükle Mah.,11142,32489
Bursa,Nilüfer,Nilüfer Bel.,Gümüştepe Mah.,11119,2552
Bursa,Nilüfer,Nilüfer Bel.,Güngören Mah.,183447,538
Bursa,Nilüfer,Nilüfer Bel.,Hasanağa Mah.,11150,1661
Bursa,Nilüfer,Nilüfer Bel.,İhsaniye Mah.,11128,28846
Bursa,Nilüfer,Nilüfer Bel.,İnegazi Mah.,183449,157
Bursa,Nilüfer,Nilüfer Bel.,İrfaniye Mah.,11145,1187
Bursa,Nilüfer,Nilüfer Bel.,Işıktepe Mah.,11129,3839
Bursa,Nilüfer,Nilüfer Bel.,Kadriye Mah.,183451,125
Bursa,Nilüfer,Nilüfer Bel.,Karacaoba Mah.,183453,322
Bursa,Nilüfer,Nilüfer Bel.,Karaman Mah.,11127,11484
Bursa,Nilüfer,Nilüfer Bel.,Kayapa Mah.,11153,3085
Bursa,Nilüfer,Nilüfer Bel.,Kızılcıklı Mah.,11151,10880
Bursa,Nilüfer,Nilüfer Bel.,Konaklı Mah.,183455,1098
Bursa,Nilüfer,Nilüfer Bel.,Konak Mah.,11121,24807
Bursa,Nilüfer,Nilüfer Bel.,Korubaşı Mah.,183457,317
Bursa,Nilüfer,Nilüfer Bel.,Kültür Mah.,11118,13452
Bursa,Nilüfer,Nilüfer Bel.,Kurtuluş Mah.,11144,8609
Bursa,Nilüfer,Nilüfer Bel.,Kuruçeşme Mah.,183459,97
Bursa,Nilüfer,Nilüfer Bel.,Makşempınarı Mah.,183461,312
Bursa,Nilüfer,Nilüfer Bel.,Minareliçavuş Mah.,11125,5194
Bursa,Nilüfer,Nilüfer Bel.,Odunluk Mah.,11113,7362
Bursa,Nilüfer,Nilüfer Bel.,Özlüce Mah.,11115,4073
Bursa,Nilüfer,Nilüfer Bel.,Tahtalı Mah.,183463,1246
Bursa,Nilüfer,Nilüfer Bel.,Üçevler Mah.,11122,27559
Bursa,Nilüfer,Nilüfer Bel.,Üçpınar Mah.,183467,92
Bursa,Nilüfer,Nilüfer Bel.,Unçukuru Mah.,183465,299
Bursa,Nilüfer,Nilüfer Bel.,Ürünlü Mah.,11112,1338
Bursa,Nilüfer,Nilüfer Bel.,Yaylacık Mah.,183469,2039
Bursa,Nilüfer,Nilüfer Bel.,Yolçatı Mah.,183471,5593
Bursa,Nilüfer,Nilüfer Bel.,Yüzüncüyıl Mah.,99075,18806
Bursa,Orhaneli,Orhaneli Bel.,300 Evler Mah.,20064,855
Bursa,Orhaneli,Orhaneli Bel.,Ağaçhisar Mah.,184515,134
Bursa,Orhaneli,Orhaneli Bel.,Akalan Mah.,184517,476
Bursa,Orhaneli,Orhaneli Bel.,Akçabük Mah.,184519,149
Bursa,Orhaneli,Orhaneli Bel.,Altıntaş Mah.,184521,509
Bursa,Orhaneli,Orhaneli Bel.,Argın Mah.,184523,203
Bursa,Orhaneli,Orhaneli Bel.,Balıoğlu Mah.,184525,105
Bursa,Orhaneli,Orhaneli Bel.,Başköy Mah.,184527,269
Bursa,Orhaneli,Orhaneli Bel.,Belenoluk Mah.,184529,60
Bursa,Orhaneli,Orhaneli Bel.,Çeki Mah.,184533,83
Bursa,Orhaneli,Orhaneli Bel.,Celepler Mah.,184531,108
Bursa,Orhaneli,Orhaneli Bel.,Çınarcık Mah.,184535,222
Bursa,Orhaneli,Orhaneli Bel.,Çivili Mah.,184537,268
Bursa,Orhaneli,Orhaneli Bel.,Çöreler Mah.,184539,555
Bursa,Orhaneli,Orhaneli Bel.,Dağgüney Mah.,184541,87
Bursa,Orhaneli,Orhaneli Bel.,Deliballılar Mah.,184543,118
Bursa,Orhaneli,Orhaneli Bel.,Demirci Mah.,184545,183
Bursa,Orhaneli,Orhaneli Bel.,Dere Mah.,184547,62
Bursa,Orhaneli,Orhaneli Bel.,Dündar Mah.,184549,137
Bursa,Orhaneli,Orhaneli Bel.,Emir Mah.,184551,104
Bursa,Orhaneli,Orhaneli Bel.,Erenler Mah.,184553,386
Bursa,Orhaneli,Orhaneli Bel.,Esentepe Mah.,20065,939
Bursa,Orhaneli,Orhaneli Bel.,Eskidanişment Mah.,184555,168
Bursa,Orhaneli,Orhaneli Bel.,Fadıl Mah.,184557,311
Bursa,Orhaneli,Orhaneli Bel.,Fevzipaşa Mah.,20066,1946
Bursa,Orhaneli,Orhaneli Bel.,Firoz Mah.,184559,133
Bursa,Orhaneli,Orhaneli Bel.,Gazioluk Mah.,184561,58
Bursa,Orhaneli,Orhaneli Bel.,Gazipaşa Mah.,20062,1437
Bursa,Orhaneli,Orhaneli Bel.,Girencik Mah.,184563,94
Bursa,Orhaneli,Orhaneli Bel.,Göktepe Mah.,184565,138
Bursa,Orhaneli,Orhaneli Bel.,Göynükbelen Mah.,184511,1075
Bursa,Orhaneli,Orhaneli Bel.,Gümüşpınar Mah.,184567,881
Bursa,Orhaneli,Orhaneli Bel.,İkizoluk Mah.,184569,197
Bursa,Orhaneli,Orhaneli Bel.,İsmetpaşa Mah.,20061,1253
Bursa,Orhaneli,Orhaneli Bel.,Kabaklar Mah.,184571,82
Bursa,Orhaneli,Orhaneli Bel.,Kadı Mah.,184573,93
Bursa,Orhaneli,Orhaneli Bel.,Karabekirpaşa Mah.,20063,346
Bursa,Orhaneli,Orhaneli Bel.,Karaoğlanlar Mah.,184575,256
Bursa,Orhaneli,Orhaneli Bel.,Karasi Mah.,184577,57
Bursa,Orhaneli,Orhaneli Bel.,Karıncalı Mah.,184513,1261
Bursa,Orhaneli,Orhaneli Bel.,Koçu Mah.,184579,160
Bursa,Orhaneli,Orhaneli Bel.,Küçükorhan Mah.,184583,108
Bursa,Orhaneli,Orhaneli Bel.,Kusumlar Mah.,184581,64
Bursa,Orhaneli,Orhaneli Bel.,Letafet Mah.,184585,86
Bursa,Orhaneli,Orhaneli Bel.,Mahaller Mah.,184587,117
Bursa,Orhaneli,Orhaneli Bel.,Nalınlar Mah.,184589,270
Bursa,Orhaneli,Orhaneli Bel.,Orta Mah.,184591,149
Bursa,Orhaneli,Orhaneli Bel.,Osmaniyeçatak Mah.,184593,96
Bursa,Orhaneli,Orhaneli Bel.,Sadağı Mah.,184595,120
Bursa,Orhaneli,Orhaneli Bel.,Semerci Mah.,184597,92
Bursa,Orhaneli,Orhaneli Bel.,Serçeler Mah.,184599,71
Bursa,Orhaneli,Orhaneli Bel.,Sırıl Mah.,184601,311
Bursa,Orhaneli,Orhaneli Bel.,Söğüt Mah.,184603,218
Bursa,Orhaneli,Orhaneli Bel.,Şükriye Mah.,184607,60
Bursa,Orhaneli,Orhaneli Bel.,Süleymanbey Mah.,184605,275
Bursa,Orhaneli,Orhaneli Bel.,Tepecik Mah.,184609,153
Bursa,Orhaneli,Orhaneli Bel.,Topuk Mah.,184611,167
Bursa,Orhaneli,Orhaneli Bel.,Yakuplar Mah.,184613,234
Bursa,Orhaneli,Orhaneli Bel.,Yenidanişment Mah.,184615,45
Bursa,Orhaneli,Orhaneli Bel.,Yeşiller Mah.,184617,225
Bursa,Orhaneli,Orhaneli Bel.,Yörükler Mah.,184619,250
Bursa,Orhangazi,Orhangazi Bel.,Akharem Mah.,184631,302
Bursa,Orhangazi,Orhangazi Bel.,Arapzade Mah.,20072,29526
Bursa,Orhangazi,Orhangazi Bel.,Bayırköy Mah.,184633,102
Bursa,Orhangazi,Orhangazi Bel.,Çakırlı Mah.,184621,1347
Bursa,Orhangazi,Orhangazi Bel.,Camiikebir Mah.,20073,8040
Bursa,Orhangazi,Orhangazi Bel.,Çeltikçi Mah.,184637,669
Bursa,Orhangazi,Orhangazi Bel.,Cihanköy Mah.,184635,189
Bursa,Orhangazi,Orhangazi Bel.,Dutluca Mah.,184639,266
Bursa,Orhangazi,Orhangazi Bel.,Fatih Mah.,20077,1055
Bursa,Orhangazi,Orhangazi Bel.,Fındıklı Mah.,184641,371
Bursa,Orhangazi,Orhangazi Bel.,Gedelek Mah.,184643,1031
Bursa,Orhangazi,Orhangazi Bel.,Gemiç Mah.,184645,193
Bursa,Orhangazi,Orhangazi Bel.,Gölyaka Mah.,184647,284
Bursa,Orhangazi,Orhangazi Bel.,Gürle Mah.,184649,275
Bursa,Orhangazi,Orhangazi Bel.,Hamzalı Mah.,184651,169
Bursa,Orhangazi,Orhangazi Bel.,Heceler Mah.,184653,230
Bursa,Orhangazi,Orhangazi Bel.,Hürriyet Mah.,20074,11782
Bursa,Orhangazi,Orhangazi Bel.,Karsak Mah.,184655,250
Bursa,Orhangazi,Orhangazi Bel.,Keramet Mah.,184657,889
Bursa,Orhangazi,Orhangazi Bel.,Mahmudiye Mah.,184659,161
Bursa,Orhangazi,Orhangazi Bel.,Muradiye Mah.,20075,9931
Bursa,Orhangazi,Orhangazi Bel.,Narlıca Mah.,184623,830
Bursa,Orhangazi,Orhangazi Bel.,Örnekköy Mah.,184663,634
Bursa,Orhangazi,Orhangazi Bel.,Ortaköy Mah.,184661,545
Bursa,Orhangazi,Orhangazi Bel.,Paşapınar Mah.,184665,240
Bursa,Orhangazi,Orhangazi Bel.,Sölöz Mah.,184625,954
Bursa,Orhangazi,Orhangazi Bel.,Tekke Mah.,20076,7189
Bursa,Orhangazi,Orhangazi Bel.,Üreğil Mah.,184667,732
Bursa,Orhangazi,Orhangazi Bel.,Yenigürle Mah.,184669,566
Bursa,Orhangazi,Orhangazi Bel.,Yeniköy Mah.,184627,2745
Bursa,Orhangazi,Orhangazi Bel.,Yenisölöz Mah.,184629,614
Bursa,Osmangazi,Osmangazi Bel.,Adalet Mah.,11155,5219
Bursa,Osmangazi,Osmangazi Bel.,Ahmetbey Mah.,183473,563
Bursa,Osmangazi,Osmangazi Bel.,Ahmetpaşa Mah.,11156,1802
Bursa,Osmangazi,Osmangazi Bel.,Akpınar Mah.,11157,10886
Bursa,Osmangazi,Osmangazi Bel.,Aksungur Mah.,183475,383
Bursa,Osmangazi,Osmangazi Bel.,Aktarhüssam Mah.,11158,1386
Bursa,Osmangazi,Osmangazi Bel.,Alaaddin Mah.,11159,2055
Bursa,Osmangazi,Osmangazi Bel.,Alacahırka Mah.,11160,3726
Bursa,Osmangazi,Osmangazi Bel.,Alacamescit Mah.,11161,290
Bursa,Osmangazi,Osmangazi Bel.,Alaşarköy Mah.,11162,1688
Bursa,Osmangazi,Osmangazi Bel.,Alemdar Mah.,11163,21846
Bursa,Osmangazi,Osmangazi Bel.,Alipaşa Mah.,11164,2248
Bursa,Osmangazi,Osmangazi Bel.,Altınova Mah.,11165,4821
Bursa,Osmangazi,Osmangazi Bel.,Altıparmak Mah.,11166,2050
Bursa,Osmangazi,Osmangazi Bel.,Armutköy Mah.,11167,593
Bursa,Osmangazi,Osmangazi Bel.,Atıcılar Mah.,11168,8888
Bursa,Osmangazi,Osmangazi Bel.,Avdancık Mah.,183477,457
Bursa,Osmangazi,Osmangazi Bel.,Bağlarbaşı Mah.,11169,35887
Bursa,Osmangazi,Osmangazi Bel.,Bağlı Mah.,183511,402
Bursa,Osmangazi,Osmangazi Bel.,Bahar Mah.,11170,5764
Bursa,Osmangazi,Osmangazi Bel.,Başaran Mah.,11171,15192
Bursa,Osmangazi,Osmangazi Bel.,Büyükdeliller Mah.,183513,349
Bursa,Osmangazi,Osmangazi Bel.,Çağlayan Mah.,183479,1187
Bursa,Osmangazi,Osmangazi Bel.,Çaybaşı Mah.,183515,454
Bursa,Osmangazi,Osmangazi Bel.,Çekirge Mah.,11172,11143
Bursa,Osmangazi,Osmangazi Bel.,Çeltikköy Mah.,11173,605
Bursa,Osmangazi,Osmangazi Bel.,Çiftehavuzlar Mah.,11175,18338
Bursa,Osmangazi,Osmangazi Bel.,Çirişhane Mah.,11176,9068
Bursa,Osmangazi,Osmangazi Bel.,Çırpan Mah.,11174,4908
Bursa,Osmangazi,Osmangazi Bel.,Çukurcaköy Mah.,11177,1811
Bursa,Osmangazi,Osmangazi Bel.,Dağakça Mah.,183481,539
Bursa,Osmangazi,Osmangazi Bel.,Demirkapı Mah.,11178,1575
Bursa,Osmangazi,Osmangazi Bel.,Demirtaş Barbaros Mah.,11250,23770
Bursa,Osmangazi,Osmangazi Bel.,Demirtaş Cumhuriyet Mah.,11251,47262
Bursa,Osmangazi,Osmangazi Bel.,Demirtaş Dumlupınar Mah.,11253,8940
Bursa,Osmangazi,Osmangazi Bel.,Demirtaşpaşa Mah.,11179,4024
Bursa,Osmangazi,Osmangazi Bel.,Demirtaş Sakarya Mah.,11252,16041
Bursa,Osmangazi,Osmangazi Bel.,Dereçavuşköy Mah.,11180,474
Bursa,Osmangazi,Osmangazi Bel.,Dikkaldırım Mah.,11247,18401
Bursa,Osmangazi,Osmangazi Bel.,Doburca Mah.,11181,760
Bursa,Osmangazi,Osmangazi Bel.,Doğanbey Mah.,11182,2609
Bursa,Osmangazi,Osmangazi Bel.,Doğancı Mah.,183483,389
Bursa,Osmangazi,Osmangazi Bel.,Doğanevler Mah.,11183,5147
Bursa,Osmangazi,Osmangazi Bel.,Dürdane Mah.,183485,1092
Bursa,Osmangazi,Osmangazi Bel.,Ebu İshak Mah.,11205,960
Bursa,Osmangazi,Osmangazi Bel.,Elmaçukur Mah.,183501,150
Bursa,Osmangazi,Osmangazi Bel.,Elmasbahçeler Mah.,11184,9467
Bursa,Osmangazi,Osmangazi Bel.,Emek Adnan Menderes Mah.,11255,33919
Bursa,Osmangazi,Osmangazi Bel.,Emek Fatih Sultan Mehmet Mah.,11256,24404
Bursa,Osmangazi,Osmangazi Bel.,Emek Zekai Gümüşdiş Mah.,11257,9937
Bursa,Osmangazi,Osmangazi Bel.,Fatih Mah.,11185,12865
Bursa,Osmangazi,Osmangazi Bel.,Gaziakdemir Mah.,11186,2844
Bursa,Osmangazi,Osmangazi Bel.,Geçit Mah.,11187,19195
Bursa,Osmangazi,Osmangazi Bel.,Gökçeören Mah.,183487,263
Bursa,Osmangazi,Osmangazi Bel.,Gülbahçe Mah.,11188,7575
Bursa,Osmangazi,Osmangazi Bel.,Gündoğdu Mah.,11248,1930
Bursa,Osmangazi,Osmangazi Bel.,Güneştepe Mah.,99902,29554
Bursa,Osmangazi,Osmangazi Bel.,Güneybayır Mah.,183517,228
Bursa,Osmangazi,Osmangazi Bel.,Güneybudaklar Mah.,183519,347
Bursa,Osmangazi,Osmangazi Bel.,Hacı İlyas Mah.,11189,2439
Bursa,Osmangazi,Osmangazi Bel.,Hamitler Mah.,11190,52062
Bursa,Osmangazi,Osmangazi Bel.,Hamzabey Mah.,11191,2661
Bursa,Osmangazi,Osmangazi Bel.,Hocaalizade Mah.,11228,1675
Bursa,Osmangazi,Osmangazi Bel.,Hocahasan Mah.,11192,4356
Bursa,Osmangazi,Osmangazi Bel.,Hüdavendigar Mah.,11193,22179
Bursa,Osmangazi,Osmangazi Bel.,Hürriyet Mah.,11194,4633
Bursa,Osmangazi,Osmangazi Bel.,Hüseyinalan Mah.,183489,116
Bursa,Osmangazi,Osmangazi Bel.,İbrahimpaşa Mah.,11195,2217
Bursa,Osmangazi,Osmangazi Bel.,İnkaya Mah.,11196,702
Bursa,Osmangazi,Osmangazi Bel.,İntizam Mah.,11197,3118
Bursa,Osmangazi,Osmangazi Bel.,İsmetiye Mah.,11198,1879
Bursa,Osmangazi,Osmangazi Bel.,İstiklal Mah.,11199,9588
Bursa,Osmangazi,Osmangazi Bel.,İvazpaşa Mah.,11200,2675
Bursa,Osmangazi,Osmangazi Bel.,Karabalçık Mah.,183491,822
Bursa,Osmangazi,Osmangazi Bel.,Karaislah Mah.,183521,198
Bursa,Osmangazi,Osmangazi Bel.,Kavaklı Mah.,11201,1084
Bursa,Osmangazi,Osmangazi Bel.,Kayıhan Mah.,11202,1214
Bursa,Osmangazi,Osmangazi Bel.,Kemerçeşme Mah.,11203,5319
Bursa,Osmangazi,Osmangazi Bel.,Kirazlı Mah.,11258,1049
Bursa,Osmangazi,Osmangazi Bel.,Kırcaali Mah.,11204,1382
Bursa,Osmangazi,Osmangazi Bel.,Kiremitçi Mah.,11206,3037
Bursa,Osmangazi,Osmangazi Bel.,Kocanaip Mah.,11207,1662
Bursa,Osmangazi,Osmangazi Bel.,Koğukçınar Mah.,11208,5891
Bursa,Osmangazi,Osmangazi Bel.,Küçükbalıklı Mah.,11210,20641
Bursa,Osmangazi,Osmangazi Bel.,Küçükdeliller Mah.,183523,382
Bursa,Osmangazi,Osmangazi Bel.,Kükürtlü Mah.,11211,11217
Bursa,Osmangazi,Osmangazi Bel.,Küplüpınar Mah.,11212,10366
Bursa,Osmangazi,Osmangazi Bel.,Kuruçeşme Mah.,11209,938
Bursa,Osmangazi,Osmangazi Bel.,Maksem Mah.,11213,4333
Bursa,Osmangazi,Osmangazi Bel.,Mehmet Akif Mah.,11214,7433
Bursa,Osmangazi,Osmangazi Bel.,Mollafenari Mah.,11215,5766
Bursa,Osmangazi,Osmangazi Bel.,Mollagürani Mah.,11216,747
Bursa,Osmangazi,Osmangazi Bel.,Muradiye Mah.,11217,3213
Bursa,Osmangazi,Osmangazi Bel.,Mürseller Mah.,183493,295
Bursa,Osmangazi,Osmangazi Bel.,Nalbantoğlu Mah.,11218,1405
Bursa,Osmangazi,Osmangazi Bel.,Namık Kemal Mah.,11219,7615
Bursa,Osmangazi,Osmangazi Bel.,Nilüferköy Mah.,183495,3604
Bursa,Osmangazi,Osmangazi Bel.,Orhanbey Mah.,11220,291
Bursa,Osmangazi,Osmangazi Bel.,Osmangazi Mah.,11221,2086
Bursa,Osmangazi,Osmangazi Bel.,Ovaakça Çeşmebaşı Mah.,11260,2849
Bursa,Osmangazi,Osmangazi Bel.,Ovaakça Eğitim Mah.,11261,1535
Bursa,Osmangazi,Osmangazi Bel.,Ovaakça Merkez Mah.,11262,4053
Bursa,Osmangazi,Osmangazi Bel.,Ovaakça Santral Mah.,11263,3039
Bursa,Osmangazi,Osmangazi Bel.,Panayır Mah.,11222,24074
Bursa,Osmangazi,Osmangazi Bel.,Pınarbaşı Mah.,11223,2123
Bursa,Osmangazi,Osmangazi Bel.,Reyhan Mah.,11224,504
Bursa,Osmangazi,Osmangazi Bel.,Sakarya Mah.,11225,4197
Bursa,Osmangazi,Osmangazi Bel.,Santral Garaj Mah.,11226,794
Bursa,Osmangazi,Osmangazi Bel.,Seç Mah.,183497,525
Bursa,Osmangazi,Osmangazi Bel.,Seferışıklar Mah.,183525,196
Bursa,Osmangazi,Osmangazi Bel.,Şehabettinpaşa Mah.,11233,868
Bursa,Osmangazi,Osmangazi Bel.,Şehreküstü Mah.,11234,409
Bursa,Osmangazi,Osmangazi Bel.,Selamet Mah.,11227,6484
Bursa,Osmangazi,Osmangazi Bel.,Selçukgazi Mah.,183499,760
Bursa,Osmangazi,Osmangazi Bel.,Selimiye Mah.,11229,2088
Bursa,Osmangazi,Osmangazi Bel.,Sırameşeler Mah.,11230,12478
Bursa,Osmangazi,Osmangazi Bel.,Soğanlı Mah.,11231,25671
Bursa,Osmangazi,Osmangazi Bel.,Soğukkuyu Mah.,11232,9738
Bursa,Osmangazi,Osmangazi Bel.,Soğukpınar Mah.,183509,331
Bursa,Osmangazi,Osmangazi Bel.,Tahtakale Mah.,11235,1207
Bursa,Osmangazi,Osmangazi Bel.,Tayakadın Mah.,11236,1800
Bursa,Osmangazi,Osmangazi Bel.,Tuna Mah.,11237,5724
Bursa,Osmangazi,Osmangazi Bel.,Tuzaklı Mah.,183503,216
Bursa,Osmangazi,Osmangazi Bel.,Tuzpazarı Mah.,11238,279
Bursa,Osmangazi,Osmangazi Bel.,Uluçam Mah.,183505,140
Bursa,Osmangazi,Osmangazi Bel.,Ulu Mah.,11239,2024
Bursa,Osmangazi,Osmangazi Bel.,Veysel Karani Mah.,11240,1928
Bursa,Osmangazi,Osmangazi Bel.,Yahşibey Mah.,11241,2725
Bursa,Osmangazi,Osmangazi Bel.,Yenibağlar Mah.,99903,17576
Bursa,Osmangazi,Osmangazi Bel.,Yeniceabat Mah.,11242,1663
Bursa,Osmangazi,Osmangazi Bel.,Yenikaraman Mah.,11243,10629
Bursa,Osmangazi,Osmangazi Bel.,Yenikent Mah.,99904,6736
Bursa,Osmangazi,Osmangazi Bel.,Yeşilova Mah.,11244,12179
Bursa,Osmangazi,Osmangazi Bel.,Yiğitali Mah.,183507,542
Bursa,Osmangazi,Osmangazi Bel.,Yunuseli Mah.,11245,42519
Bursa,Osmangazi,Osmangazi Bel.,Zafer Mah.,11246,3873
Bursa,Yenişehir,Yenişehir Bel.,Afşar Mah.,184671,86
Bursa,Yenişehir,Yenişehir Bel.,Akbıyık Mah.,184673,243
Bursa,Yenişehir,Yenişehir Bel.,Akçapınar Mah.,184675,427
Bursa,Yenişehir,Yenişehir Bel.,Akdere Mah.,184677,140
Bursa,Yenişehir,Yenişehir Bel.,Alaylı Mah.,184679,181
Bursa,Yenişehir,Yenişehir Bel.,Ayaz Mah.,184681,195
Bursa,Yenişehir,Yenişehir Bel.,Aydoğdu Mah.,184683,159
Bursa,Yenişehir,Yenişehir Bel.,Barcın Mah.,184685,413
Bursa,Yenişehir,Yenişehir Bel.,Beypınar Mah.,184687,167
Bursa,Yenişehir,Yenişehir Bel.,Burcun Mah.,184689,199
Bursa,Yenişehir,Yenişehir Bel.,Çamönü Mah.,184693,232
Bursa,Yenişehir,Yenişehir Bel.,Çardak Mah.,184695,245
Bursa,Yenişehir,Yenişehir Bel.,Çayırlı Mah.,184697,353
Bursa,Yenişehir,Yenişehir Bel.,Çayır Mah.,20088,1349
Bursa,Yenişehir,Yenişehir Bel.,Çelebi Mah.,184699,671
Bursa,Yenişehir,Yenişehir Bel.,Çeltikçi Mah.,184701,557
Bursa,Yenişehir,Yenişehir Bel.,Çiçeközü Mah.,184703,440
Bursa,Yenişehir,Yenişehir Bel.,Cihadiye Mah.,184691,437
Bursa,Yenişehir,Yenişehir Bel.,Demirboğa Mah.,184705,258
Bursa,Yenişehir,Yenişehir Bel.,Dereköy Mah.,184707,89
Bursa,Yenişehir,Yenişehir Bel.,Ebeköy Mah.,184709,258
Bursa,Yenişehir,Yenişehir Bel.,Eğerce Mah.,184711,243
Bursa,Yenişehir,Yenişehir Bel.,Fethiye Mah.,184713,227
Bursa,Yenişehir,Yenişehir Bel.,Gökçesu Mah.,184715,136
Bursa,Yenişehir,Yenişehir Bel.,Gündoğan Mah.,20089,1278
Bursa,Yenişehir,Yenişehir Bel.,Günece Mah.,184717,169
Bursa,Yenişehir,Yenişehir Bel.,Hayriye Mah.,184719,292
Bursa,Yenişehir,Yenişehir Bel.,Hıdırbali Mah.,20090,602
Bursa,Yenişehir,Yenişehir Bel.,İncirli Mah.,184721,423
Bursa,Yenişehir,Yenişehir Bel.,Karaamca Mah.,184723,204
Bursa,Yenişehir,Yenişehir Bel.,Karabahadır Mah.,184725,74
Bursa,Yenişehir,Yenişehir Bel.,Karacaahmet Mah.,184727,134
Bursa,Yenişehir,Yenişehir Bel.,Karacaali Mah.,184729,220
Bursa,Yenişehir,Yenişehir Bel.,Karaköy Mah.,184731,212
Bursa,Yenişehir,Yenişehir Bel.,Karasıl Mah.,184733,354
Bursa,Yenişehir,Yenişehir Bel.,Kavaklı Mah.,184735,453
Bursa,Yenişehir,Yenişehir Bel.,Kıblepınar Mah.,184737,62
Bursa,Yenişehir,Yenişehir Bel.,Kirazlıyayla Mah.,184743,170
Bursa,Yenişehir,Yenişehir Bel.,Kızılhisar Mah.,184739,219
Bursa,Yenişehir,Yenişehir Bel.,Kızılköy Mah.,184741,196
Bursa,Yenişehir,Yenişehir Bel.,Köprühisar Mah.,184749,308
Bursa,Yenişehir,Yenişehir Bel.,Koyunhisar Mah.,184745,635
Bursa,Yenişehir,Yenişehir Bel.,Kozdere Mah.,184747,397
Bursa,Yenişehir,Yenişehir Bel.,Kurtuluş Mah.,20091,8538
Bursa,Yenişehir,Yenişehir Bel.,Mahmudiye Mah.,184751,511
Bursa,Yenişehir,Yenişehir Bel.,Marmaracık Mah.,184753,412
Bursa,Yenişehir,Yenişehir Bel.,Mecidiye Mah.,184755,94
Bursa,Yenişehir,Yenişehir Bel.,Menteşe Mah.,184757,296
Bursa,Yenişehir,Yenişehir Bel.,Orhaniye Mah.,184759,540
Bursa,Yenişehir,Yenişehir Bel.,Osmaniye Mah.,184761,261
Bursa,Yenişehir,Yenişehir Bel.,Papatya Mah.,184763,147
Bursa,Yenişehir,Yenişehir Bel.,Paşayayla Mah.,184765,51
Bursa,Yenişehir,Yenişehir Bel.,Reşadiye Mah.,184767,75
Bursa,Yenişehir,Yenişehir Bel.,Selimiye Mah.,184769,321
Bursa,Yenişehir,Yenişehir Bel.,Söylemiş Mah.,184771,474
Bursa,Yenişehir,Yenişehir Bel.,Subaşı Mah.,184773,728
Bursa,Yenişehir,Yenişehir Bel.,Süleymaniye Mah.,184775,183
Bursa,Yenişehir,Yenişehir Bel.,Tabakhane Mah.,20092,1415
Bursa,Yenişehir,Yenişehir Bel.,Terziler Mah.,184777,738
Bursa,Yenişehir,Yenişehir Bel.,Toprakdere Mah.,184779,87
Bursa,Yenişehir,Yenişehir Bel.,Toprakocak Mah.,184781,157
Bursa,Yenişehir,Yenişehir Bel.,Ulucami Mah.,20093,1233
Bursa,Yenişehir,Yenişehir Bel.,Yarhisar Mah.,184783,76
Bursa,Yenişehir,Yenişehir Bel.,Yazılı Mah.,184785,46
Bursa,Yenişehir,Yenişehir Bel.,Yenigün Mah.,20095,18627
Bursa,Yenişehir,Yenişehir Bel.,Yeniköy Mah.,184787,164
Bursa,Yenişehir,Yenişehir Bel.,Yeni Mah.,20094,2187
Bursa,Yenişehir,Yenişehir Bel.,Yıldırım Mah.,184789,115
Bursa,Yenişehir,Yenişehir Bel.,Yılmaz Mah.,20096,437
Bursa,Yenişehir,Yenişehir Bel.,Yolören Mah.,184791,1176
Bursa,Yenişehir,Yenişehir Bel.,Yüzüncüyıl Mah.,20097,2410
Bursa,Yıldırım,Yıldırım Bel.,152evler Mah.,11274,8775
Bursa,Yıldırım,Yıldırım Bel.,75.Yıl Mah.,11324,10815
Bursa,Yıldırım,Yıldırım Bel.,Akçağlayan Mah.,11329,15912
Bursa,Yıldırım,Yıldırım Bel.,Anadolu Mah.,11297,1966
Bursa,Yıldırım,Yıldırım Bel.,Arabayatağı Mah.,11318,21622
Bursa,Yıldırım,Yıldırım Bel.,Bağlaraltı Mah.,11265,18045
Bursa,Yıldırım,Yıldırım Bel.,Balaban Mah.,183533,265
Bursa,Yıldırım,Yıldırım Bel.,Baruthane Mah.,11276,7916
Bursa,Yıldırım,Yıldırım Bel.,Beyazıt Mah.,11275,7164
Bursa,Yıldırım,Yıldırım Bel.,Çelebi Mehmet Mah.,749697,8376
Bursa,Yıldırım,Yıldırım Bel.,Çınarönü Mah.,11317,14421
Bursa,Yıldırım,Yıldırım Bel.,Cumalıkızık Mah.,183529,699
Bursa,Yıldırım,Yıldırım Bel.,Davutdede Mah.,11277,6470
Bursa,Yıldırım,Yıldırım Bel.,Davutkadı Mah.,11322,6732
Bursa,Yıldırım,Yıldırım Bel.,Değirmenlikızık Mah.,11315,16721
Bursa,Yıldırım,Yıldırım Bel.,Değirmenönü Mah.,11286,26421
Bursa,Yıldırım,Yıldırım Bel.,Demetevler Mah.,11281,10022
Bursa,Yıldırım,Yıldırım Bel.,Duaçınarı Mah.,11289,2710
Bursa,Yıldırım,Yıldırım Bel.,Eğitim Mah.,11273,11176
Bursa,Yıldırım,Yıldırım Bel.,Emirsultan Mah.,11271,5766
Bursa,Yıldırım,Yıldırım Bel.,Erikli Mah.,11264,11898
Bursa,Yıldırım,Yıldırım Bel.,Ertuğrulgazi Mah.,11314,9028
Bursa,Yıldırım,Yıldırım Bel.,Esenevler Mah.,11288,17361
Bursa,Yıldırım,Yıldırım Bel.,Fidyekızık Mah.,11311,5097
Bursa,Yıldırım,Yıldırım Bel.,Güllük Mah.,11267,9609
Bursa,Yıldırım,Yıldırım Bel.,Hacıseyfettin Mah.,11303,7121
Bursa,Yıldırım,Yıldırım Bel.,Hacivat Mah.,11316,16220
Bursa,Yıldırım,Yıldırım Bel.,Hamamlıkızık Mah.,183527,694
Bursa,Yıldırım,Yıldırım Bel.,Hocataşkın Mah.,11306,1221
Bursa,Yıldırım,Yıldırım Bel.,İsabey Mah.,11280,7096
Bursa,Yıldırım,Yıldırım Bel.,Kaplıkaya Mah.,11313,3678
Bursa,Yıldırım,Yıldırım Bel.,Karaağaç Mah.,11294,6398
Bursa,Yıldırım,Yıldırım Bel.,Karamazak Mah.,11293,3768
Bursa,Yıldırım,Yıldırım Bel.,Karapınar Mah.,11285,14701
Bursa,Yıldırım,Yıldırım Bel.,Kazım Karabekir Mah.,11298,9474
Bursa,Yıldırım,Yıldırım Bel.,Kurtoğlu Mah.,11292,3313
Bursa,Yıldırım,Yıldırım Bel.,Maltepe Mah.,11328,6579
Bursa,Yıldırım,Yıldırım Bel.,Mehmetakifersoy Mah.,11304,6675
Bursa,Yıldırım,Yıldırım Bel.,Mevlana Mah.,11300,10357
Bursa,Yıldırım,Yıldırım Bel.,Meydancık Mah.,11320,2095
Bursa,Yıldırım,Yıldırım Bel.,Millet Mah.,11283,38999
Bursa,Yıldırım,Yıldırım Bel.,Mimarsinan Mah.,11266,11893
Bursa,Yıldırım,Yıldırım Bel.,Mollaarap Mah.,11295,8280
Bursa,Yıldırım,Yıldırım Bel.,Musababa Mah.,11307,3137
Bursa,Yıldırım,Yıldırım Bel.,Namazgah Mah.,11325,4070
Bursa,Yıldırım,Yıldırım Bel.,Ortabağlar Mah.,11268,15172
Bursa,Yıldırım,Yıldırım Bel.,Piremir Mah.,11310,12580
Bursa,Yıldırım,Yıldırım Bel.,Sakarya Mah.,749242,10534
Bursa,Yıldırım,Yıldırım Bel.,Samanlı Mah.,11282,9221
Bursa,Yıldırım,Yıldırım Bel.,Selçukbey Mah.,11272,11185
Bursa,Yıldırım,Yıldırım Bel.,Selimzade Mah.,11321,3476
Bursa,Yıldırım,Yıldırım Bel.,Sinandede Mah.,11302,6346
Bursa,Yıldırım,Yıldırım Bel.,Sıracevizler Mah.,11269,6500
Bursa,Yıldırım,Yıldırım Bel.,Şirinevler Mah.,11284,23944
Bursa,Yıldırım,Yıldırım Bel.,Siteler Mah.,11312,5025
Bursa,Yıldırım,Yıldırım Bel.,Şükraniye Mah.,11301,8559
Bursa,Yıldırım,Yıldırım Bel.,Teferrüç Mah.,11309,5558
Bursa,Yıldırım,Yıldırım Bel.,Ulus Mah.,11319,17435
Bursa,Yıldırım,Yıldırım Bel.,Umurbey Mah.,11308,5545
Bursa,Yıldırım,Yıldırım Bel.,Vakıf Mah.,11279,10317
Bursa,Yıldırım,Yıldırım Bel.,Vatan Mah.,11296,8484
Bursa,Yıldırım,Yıldırım Bel.,Yavuzselım Mah.,11299,14300
Bursa,Yıldırım,Yıldırım Bel.,Yediselviler Mah.,11278,4278
Bursa,Yıldırım,Yıldırım Bel.,Yenımahalle Mah.,11326,3973
Bursa,Yıldırım,Yıldırım Bel.,Yeşil Mah.,11291,2596
Bursa,Yıldırım,Yıldırım Bel.,Yeşilyayla Mah.,11270,6440
Bursa,Yıldırım,Yıldırım Bel.,Yiğitler Mah.,11287,11833
Bursa,Yıldırım,Yıldırım Bel.,Yıldırım Mah.,11305,6575
Bursa,Yıldırım,Yıldırım Bel.,Yunusemre Mah.,11290,11107
Bursa,Yıldırım,Yıldırım Bel.,Zeyniler Mah.,183531,216
Bursa,Yıldırım,Yıldırım Bel.,Zümrütevler Mah.,11327,13043
